{
  "timestamp": "2025-08-13T18:51:30.670087",
  "model_scores": {
    "random_forest": {
      "rmse": 29.565571913819642,
      "mae": 25.784792796219858,
      "r2": -0.03427234224484166,
      "mape": 28.695039926341813
    },
    "xgboost": {
      "rmse": 31.759046607147194,
      "mae": 27.199223895429753,
      "r2": -0.1934308380499763,
      "mape": 30.554259277536396
    },
    "ridge": {
      "rmse": 30.349488822117102,
      "mae": 26.105573035968813,
      "r2": -0.08984592271913083,
      "mape": 28.943050201495694
    },
    "svr": {
      "rmse": 29.185901282732818,
      "mae": 25.592003089914666,
      "r2": -0.007879381748993941,
      "mape": 28.4492354038503
    }
  },
  "best_model": "svr",
  "training_config": {
    "cv_folds": 5,
    "random_state": 42,
    "scoring_metrics": [
      "rmse",
      "mae",
      "r2",
      "mape"
    ],
    "test_size": 0.2,
    "validation_size": 0.1
  }
}