{
  "model_name": "xgboost",
  "timestamp": "2025-08-04T01:07:12.948875",
  "scores": {
    "mse": 9.883629861585003e-08,
    "rmse": 0.0003143824082480603,
    "mae": 0.0002532796656831782,
    "r2": 0.9999999986638727,
    "mape": 0.00039425507693233505
  },
  "feature_columns": []
}