{
  "model_name": "xgboost",
  "timestamp": "2025-08-04T01:13:00.674193",
  "scores": {
    "mse": 7.55494178653263e-08,
    "rmse": 0.00027486254358374536,
    "mae": 0.0002162165758086414,
    "r2": 0.9999999988719657,
    "mape": 0.0003479508635698868
  },
  "feature_columns": []
}