{
  "model_name": "xgboost",
  "timestamp": "2025-08-03T22:37:59.175830",
  "scores": {
    "mse": 1.0225666673129122e-07,
    "rmse": 0.0003197759633419798,
    "mae": 0.0002575202528479064,
    "r2": 0.9999999986304502,
    "mape": 0.0004258671225989014
  },
  "feature_columns": []
}