{
  "model_name": "xgboost",
  "timestamp": "2025-08-03T22:36:52.656981",
  "scores": {
    "mse": 1.2034666380079012e-07,
    "rmse": 0.00034691016675904746,
    "mae": 0.0002633495443671413,
    "r2": 0.9999999983174384,
    "mape": 0.0004230680637412411
  },
  "feature_columns": []
}