{
  "model_name": "xgboost",
  "timestamp": "2025-08-04T01:21:11.892891",
  "scores": {
    "mse": 5.008958666225432e-05,
    "rmse": 0.007077399710504863,
    "mae": 0.0006032312772550636,
    "r2": 0.9999993964793656,
    "mape": 0.012762382200147079
  },
  "feature_columns": []
}